{
  "degree3_1":0.8829738953763338,
  "degree3_2":0.006232944160223315,
  "degree3_3":0.00009307076837167256,
  "degree3_4":6.366267580822437e-7,
  "calibratedTemperatureFahrenheit": 55.40
}